{
  "rmse": 38.192730268099275,
  "mae": 26.590877734897965,
  "trajectory_shape_error": 0.6577863954897742,
  "battery_generalization_score": 15.243665570570847,
  "per_battery_rmse": {
    "B0030": 1.2328039278681466,
    "B0033": 51.270224252334586,
    "B0036": 36.23797224734067,
    "B0041": 34.2900882649896,
    "B0044": 22.17854985282764,
    "B0052": 28.403831488223954
  },
  "feature_importance": {
    "capacity": 0.05303464084863663,
    "cycle_index": 0.10484790802001953,
    "temp_mean": 0.08161575347185135,
    "temp_max": 0.07742919772863388,
    "v_mean": 0.25144192576408386,
    "i_mean": 0.06208208203315735,
    "i_min": 0.0710044652223587,
    "energy_j": 0.11362557858228683,
    "ah_est": 0.07373201847076416,
    "duration_s": 0.11118641495704651
  },
  "baseline_rmse": 68.77496966915521,
  "dl_sequence": {
    "rmse": 45.06874992224786,
    "mae": 34.255688940598205,
    "battery_generalization_score": 32.795658470880056,
    "per_battery_rmse": {
      "B0030": 3.1357122671109416,
      "B0033": 51.54369845592809,
      "B0036": 56.45278662220462,
      "B0041": 33.45863406767513,
      "B0044": 19.50238258650397,
      "B0052": 32.68073682585758
    },
    "backend": "torch_tcn",
    "sequence_length": 8,
    "hidden_channels": 32
  },
  "groupkfold_cv": {
    "strategy": "GroupKFold(groups=battery_id)",
    "group_column": "battery_id",
    "n_splits": 5,
    "n_batteries": 22,
    "mean_rmse": 46.11387716899205,
    "std_rmse": 17.616869692393333,
    "mean_mae": 33.96642013739434,
    "std_mae": 12.907303206734838,
    "folds": [
      {
        "fold_index": 1,
        "n_train_rows": 1424,
        "n_val_rows": 352,
        "n_train_batteries": 18,
        "n_val_batteries": 4,
        "rmse": 14.98653693416924,
        "mae": 11.786481156860562
      },
      {
        "fold_index": 2,
        "n_train_rows": 1407,
        "n_val_rows": 369,
        "n_train_batteries": 17,
        "n_val_batteries": 5,
        "rmse": 52.85643202971714,
        "mae": 36.13575434101131
      },
      {
        "fold_index": 3,
        "n_train_rows": 1431,
        "n_val_rows": 345,
        "n_train_batteries": 18,
        "n_val_batteries": 4,
        "rmse": 65.62768621691815,
        "mae": 50.451200786794445
      },
      {
        "fold_index": 4,
        "n_train_rows": 1426,
        "n_val_rows": 350,
        "n_train_batteries": 18,
        "n_val_batteries": 4,
        "rmse": 57.056573567026106,
        "mae": 41.131783743639076
      },
      {
        "fold_index": 5,
        "n_train_rows": 1416,
        "n_val_rows": 360,
        "n_train_batteries": 17,
        "n_val_batteries": 5,
        "rmse": 40.04215709712961,
        "mae": 30.326880658666294
      }
    ]
  },
  "drift_report": {
    "overall_status": "RED",
    "n_alerts": 5,
    "alerts": [
      "temp_mean PSI=1.010 exceeds red threshold 0.20",
      "temp_max PSI=2.462 exceeds red threshold 0.20",
      "v_mean PSI=2.077 exceeds red threshold 0.20",
      "i_mean PSI=2.573 exceeds red threshold 0.20",
      "duration_s PSI=1.814 exceeds red threshold 0.20"
    ],
    "per_feature_psi": {
      "temp_mean": {
        "psi": 1.0104,
        "status": "RED"
      },
      "temp_max": {
        "psi": 2.4619,
        "status": "RED"
      },
      "v_min": {
        "psi": 0.0,
        "status": "GREEN"
      },
      "v_mean": {
        "psi": 2.0766,
        "status": "RED"
      },
      "i_mean": {
        "psi": 2.5729,
        "status": "RED"
      },
      "i_min": {
        "psi": 0.0037,
        "status": "GREEN"
      },
      "duration_s": {
        "psi": 1.8144,
        "status": "RED"
      },
      "capacity": {
        "psi": 0.9143,
        "status": "RED"
      },
      "ah_est": {
        "psi": 0.8758,
        "status": "RED"
      },
      "energy_j": {
        "psi": 0.8735,
        "status": "RED"
      }
    },
    "psi_thresholds": {
      "amber": 0.1,
      "red": 0.2
    }
  },
  "split_metadata": {
    "split_strategy": "stratified_battery_split",
    "stratified_by": "temperature_group",
    "split_seed": 42,
    "train_ratio": 0.8,
    "train_batteries": [
      "B0005",
      "B0006",
      "B0007",
      "B0018",
      "B0025",
      "B0026",
      "B0027",
      "B0028",
      "B0029",
      "B0031",
      "B0032",
      "B0034",
      "B0038",
      "B0039",
      "B0040",
      "B0042",
      "B0043",
      "B0045",
      "B0046",
      "B0047",
      "B0048",
      "B0049",
      "B0050",
      "B0051",
      "B0053",
      "B0054",
      "B0055",
      "B0056"
    ],
    "actual_train_batteries": [
      "B0005",
      "B0006",
      "B0007",
      "B0025",
      "B0026",
      "B0028",
      "B0029",
      "B0031",
      "B0032",
      "B0034",
      "B0039",
      "B0040",
      "B0042",
      "B0043",
      "B0046",
      "B0047",
      "B0049",
      "B0051",
      "B0053",
      "B0054",
      "B0055",
      "B0056"
    ],
    "cal_batteries": [
      "B0018",
      "B0027",
      "B0038",
      "B0045",
      "B0048",
      "B0050"
    ],
    "test_batteries": [
      "B0030",
      "B0033",
      "B0036",
      "B0041",
      "B0044",
      "B0052"
    ],
    "train_temp_mix": {
      "room": 9,
      "hot": 6,
      "cold": 13
    },
    "actual_train_temp_mix": {
      "room": 7,
      "hot": 5,
      "cold": 10
    },
    "cal_temp_mix": {
      "room": 2,
      "hot": 1,
      "cold": 3
    },
    "test_temp_mix": {
      "room": 2,
      "hot": 1,
      "cold": 3
    },
    "pretrain_filter": {
      "enabled": true,
      "target_battery_prefixes": [
        "B0049",
        "B0050",
        "B0051",
        "B0052",
        "B0053",
        "B0054",
        "B0055",
        "B0056"
      ],
      "capacity_floor_factor": 0.5,
      "global_threshold": 0.49502261534553604,
      "per_battery_thresholds": {
        "B0049": 0.41848071474103526,
        "B0051": 0.4012859732493937,
        "B0053": 0.5231865901091624,
        "B0054": 0.4668586405819098,
        "B0055": 0.5300946861681374,
        "B0056": 0.5870194294755783
      },
      "train_rows_removed": 4,
      "cal_rows_flagged_only": 7,
      "test_rows_flagged_only": 0
    },
    "uncertainty_weights": {
      "stat": 0.0,
      "ml": 0.5412917212042656,
      "dl": 0.45870827879573445
    },
    "conformal_coverage_target": 0.9
  }
}