{
  "feature_columns": [
    "capacity",
    "cycle_index",
    "temp_mean",
    "temp_max",
    "v_mean",
    "i_mean",
    "i_min",
    "energy_j",
    "ah_est",
    "duration_s"
  ],
  "feature_importance": {
    "capacity": 0.05303464084863663,
    "cycle_index": 0.10484790802001953,
    "temp_mean": 0.08161575347185135,
    "temp_max": 0.07742919772863388,
    "v_mean": 0.25144192576408386,
    "i_mean": 0.06208208203315735,
    "i_min": 0.0710044652223587,
    "energy_j": 0.11362557858228683,
    "ah_est": 0.07373201847076416,
    "duration_s": 0.11118641495704651
  },
  "has_lower": true,
  "has_upper": true,
  "_use_ensemble_variance": false
}