{
  "feature_columns": [
    "capacity",
    "cycle_index",
    "temp_mean",
    "temp_max",
    "v_mean",
    "i_mean",
    "i_min",
    "energy_j",
    "ah_est",
    "duration_s"
  ],
  "feature_importance": {
    "capacity": 0.0240459144115448,
    "cycle_index": 0.2417878806591034,
    "temp_mean": 0.014144930988550186,
    "temp_max": 0.011008231900632381,
    "v_mean": 0.20787310600280762,
    "i_mean": 0.04690846428275108,
    "i_min": 0.0967889130115509,
    "energy_j": 0.1331115961074829,
    "ah_est": 0.19122005999088287,
    "duration_s": 0.03311096131801605
  },
  "has_lower": true,
  "has_upper": true,
  "_use_ensemble_variance": false
}