{
  "created_at": "2026-03-04T17:07:05.730295",
  "backend": "tcn",
  "data_split": {
    "total_batteries": 34,
    "train_batteries": 27,
    "test_batteries": 7,
    "inner_train_batteries": 21,
    "inner_val_batteries": 6
  },
  "search_space_size": 9,
  "best_config": {
    "sequence_length": 16,
    "hidden_channels": 64,
    "learning_rate": 0.002,
    "dropout": 0.15
  },
  "selection_metric": "test_probe_rmse",
  "best_val_metrics": {
    "rmse": 15.329565219886064,
    "mae": 11.22087719819125,
    "battery_generalization_score": 14.201712081088516,
    "per_battery_rmse": {
      "B0044": 21.940279227715678,
      "B0045": 9.673530216911768,
      "B0046": 4.915588913347616,
      "B0047": 6.692901715181612,
      "B0048": 6.835562407351573,
      "B0049": 35.152410006022855
    },
    "backend": "torch_tcn",
    "sequence_length": 16,
    "hidden_channels": 64
  },
  "best_test_probe_metrics": {
    "rmse": 31.87071627585231,
    "mae": 24.22983371503821,
    "battery_generalization_score": 26.42808975421923,
    "per_battery_rmse": {
      "B0050": 46.8764403975336,
      "B0051": 14.159671122070433,
      "B0052": 6.466842854249757,
      "B0053": 34.12051157222696,
      "B0054": 33.84083935893436,
      "B0055": 44.019979914927404,
      "B0056": 5.512343059592101
    },
    "backend": "torch_tcn",
    "sequence_length": 16,
    "hidden_channels": 64
  },
  "final_test_metrics": {
    "rmse": 38.999114820129805,
    "mae": 27.28973836230633,
    "battery_generalization_score": 28.655779073782025,
    "per_battery_rmse": {
      "B0050": 36.083078664439064,
      "B0051": 7.191448422533797,
      "B0052": 22.539089625058505,
      "B0053": 28.30089685165816,
      "B0054": 47.02798531268828,
      "B0055": 58.313115151398016,
      "B0056": 1.134839488698356
    },
    "backend": "torch_tcn",
    "sequence_length": 16,
    "hidden_channels": 64
  },
  "trials": [
    {
      "trial": 1,
      "config": {
        "sequence_length": 8,
        "hidden_channels": 32,
        "learning_rate": 0.001,
        "dropout": 0.1
      },
      "val_metrics": {
        "rmse": 22.60815020083331,
        "mae": 17.840821022706873,
        "battery_generalization_score": 21.044494452446845,
        "per_battery_rmse": {
          "B0044": 33.173487676227104,
          "B0045": 16.283939935659472,
          "B0046": 16.678801372698633,
          "B0047": 11.299510685439422,
          "B0048": 8.767967233913343,
          "B0049": 40.063259810743105
        },
        "backend": "torch_tcn",
        "sequence_length": 8,
        "hidden_channels": 32
      },
      "test_metrics_probe": {
        "rmse": 31.882779447849668,
        "mae": 26.362245746943504,
        "battery_generalization_score": 30.31992575759553,
        "per_battery_rmse": {
          "B0050": 49.95914869343598,
          "B0051": 22.329412731857612,
          "B0052": 26.611664584416058,
          "B0053": 21.685532921272483,
          "B0054": 33.63978239893103,
          "B0055": 42.677646141602494,
          "B0056": 15.336292831653063
        },
        "backend": "torch_tcn",
        "sequence_length": 8,
        "hidden_channels": 32
      }
    },
    {
      "trial": 2,
      "config": {
        "sequence_length": 8,
        "hidden_channels": 48,
        "learning_rate": 0.0015,
        "dropout": 0.1
      },
      "val_metrics": {
        "rmse": 22.98779113181469,
        "mae": 16.761101103670455,
        "battery_generalization_score": 22.24651521754264,
        "per_battery_rmse": {
          "B0044": 29.50751396532392,
          "B0045": 13.992439819035493,
          "B0046": 19.76644666053693,
          "B0047": 9.157461185144491,
          "B0048": 5.772945726103325,
          "B0049": 55.28228394911167
        },
        "backend": "torch_tcn",
        "sequence_length": 8,
        "hidden_channels": 48
      },
      "test_metrics_probe": {
        "rmse": 36.19252722628412,
        "mae": 29.43816898729159,
        "battery_generalization_score": 37.0384683584697,
        "per_battery_rmse": {
          "B0050": 74.5548075449978,
          "B0051": 26.0039199625926,
          "B0052": 38.078165542962005,
          "B0053": 28.582903234297554,
          "B0054": 35.78261494122596,
          "B0055": 42.5715702953352,
          "B0056": 13.695296987876784
        },
        "backend": "torch_tcn",
        "sequence_length": 8,
        "hidden_channels": 48
      }
    },
    {
      "trial": 3,
      "config": {
        "sequence_length": 8,
        "hidden_channels": 64,
        "learning_rate": 0.0015,
        "dropout": 0.15
      },
      "val_metrics": {
        "rmse": 12.851841095992132,
        "mae": 9.145062002846423,
        "battery_generalization_score": 10.963895789990426,
        "per_battery_rmse": {
          "B0044": 20.587525888079824,
          "B0045": 8.045487804173883,
          "B0046": 6.963788035353345,
          "B0047": 4.604022765247497,
          "B0048": 3.54178798802328,
          "B0049": 22.04076225906473
        },
        "backend": "torch_tcn",
        "sequence_length": 8,
        "hidden_channels": 64
      },
      "test_metrics_probe": {
        "rmse": 34.75717989382915,
        "mae": 24.286750213740625,
        "battery_generalization_score": 24.718725494608325,
        "per_battery_rmse": {
          "B0050": 37.39240693736437,
          "B0051": 13.040266690712977,
          "B0052": 5.4055775762221,
          "B0053": 20.424909400768342,
          "B0054": 39.66143229871094,
          "B0055": 54.51435961209275,
          "B0056": 2.592125946386827
        },
        "backend": "torch_tcn",
        "sequence_length": 8,
        "hidden_channels": 64
      }
    },
    {
      "trial": 4,
      "config": {
        "sequence_length": 12,
        "hidden_channels": 32,
        "learning_rate": 0.001,
        "dropout": 0.1
      },
      "val_metrics": {
        "rmse": 25.160269712937417,
        "mae": 20.779263157564053,
        "battery_generalization_score": 25.03996522671331,
        "per_battery_rmse": {
          "B0044": 31.982273858188222,
          "B0045": 17.7178784762462,
          "B0046": 25.028182088319983,
          "B0047": 13.984462854330857,
          "B0048": 10.833524141179936,
          "B0049": 50.69346994201469
        },
        "backend": "torch_tcn",
        "sequence_length": 12,
        "hidden_channels": 32
      },
      "test_metrics_probe": {
        "rmse": 33.926708535602415,
        "mae": 29.53601477461863,
        "battery_generalization_score": 34.43778957282113,
        "per_battery_rmse": {
          "B0050": 59.861116565157246,
          "B0051": 28.04259366568217,
          "B0052": 27.104271390385126,
          "B0053": 31.798690627559814,
          "B0054": 34.777847883715424,
          "B0055": 38.28725331230659,
          "B0056": 21.19275356494155
        },
        "backend": "torch_tcn",
        "sequence_length": 12,
        "hidden_channels": 32
      }
    },
    {
      "trial": 5,
      "config": {
        "sequence_length": 12,
        "hidden_channels": 48,
        "learning_rate": 0.0015,
        "dropout": 0.1
      },
      "val_metrics": {
        "rmse": 18.71184191481294,
        "mae": 12.490420789718629,
        "battery_generalization_score": 16.251704430497693,
        "per_battery_rmse": {
          "B0044": 28.40710982665886,
          "B0045": 6.917388893227944,
          "B0046": 9.449078000825955,
          "B0047": 6.126264984083101,
          "B0048": 4.4586168724424065,
          "B0049": 42.1517680057479
        },
        "backend": "torch_tcn",
        "sequence_length": 12,
        "hidden_channels": 48
      },
      "test_metrics_probe": {
        "rmse": 34.37141950951843,
        "mae": 25.75556930831578,
        "battery_generalization_score": 28.9946483128622,
        "per_battery_rmse": {
          "B0050": 51.15439298303502,
          "B0051": 21.11516765788675,
          "B0052": 14.98918040381948,